<?xml version="1.0" encoding="UTF-8"?>
<!DOCTYPE hibernate-configuration PUBLIC "-//Hibernate/Hibernate Configuration DTD 3.0//EN"
                                         "http://hibernate.sourceforge.net/hibernate-configuration-3.0.dtd">
<hibernate-configuration>
 
 <session-factory name="">
 
  <property name="hibernate.connection.driver_class">com.mysql.jdbc.Driver</property>
  <property name="hibernate.connection.password">root</property>
  <property name="hibernate.connection.url">jdbc:mysql://localhost:3306/studentmanagementdashboard</property>
  <property name="hibernate.connection.username">root</property>
  <property name="hibernate.dialect">org.hibernate.dialect.MySQLDialect</property>
  <property name="hibernate.hbm2ddl.auto">update</property>
  <property name="show_sql">true</property>
  
  <mapping class="com.voidmain.pojo.Assignment_Result"></mapping>
  <mapping class="com.voidmain.pojo.Assignment"></mapping>
  <mapping class="com.voidmain.pojo.Attendance"></mapping>
  <mapping class="com.voidmain.pojo.CourseVideos"></mapping>
  <mapping class="com.voidmain.pojo.ExtraCircularActivity"></mapping>
  <mapping class="com.voidmain.pojo.InternShip"></mapping>
  <mapping class="com.voidmain.pojo.Login"></mapping>
  <mapping class="com.voidmain.pojo.Mentor"></mapping>
  <mapping class="com.voidmain.pojo.Message"></mapping>
  <mapping class="com.voidmain.pojo.Notification"></mapping>
  <mapping class="com.voidmain.pojo.Project"></mapping>
  <mapping class="com.voidmain.pojo.SemResult"></mapping>
  <mapping class="com.voidmain.pojo.Skill"></mapping>
  <mapping class="com.voidmain.pojo.Student"></mapping>
  <mapping class="com.voidmain.pojo.Syllabus"></mapping>
  
  
 </session-factory>

</hibernate-configuration>
